"state","name","order","pctag","pctag10","pctmin","pctmin10","pctmfg","pctmfg10","pcttrans","pcttrs10","pcttrade","pcttrd10","pctgovt","pctgov10","pctprof","pctpro10","pctdomp","pctdom10","pctclerk","pctcle10","p10lf","p10ag","p10min","p10mfg","p10trans","p10trade","p10govt","p10prof","p10domp","p10clerk","farms","farmwh","farmcol","farmmale","farmwm","farmcom","farmfem","farmwf","farmcof","farmnwh","farmfbw","farmneg","farm02","fawh02","faco02","farm39","fawh39","faco39","farm1019","fawh1019","faco1019","farm2049","fawh2049","faco2049","farm5099","fawh5099","faco5099","farm100","fawh100","faco100","farm175","fawh175","faco175","farm260","fawh260","faco260","farm500","fawh500","faco500","farm1000","fawh1000","faco1000","areaac","acres","fawhac","facoac","acimp","acimpwh","acimpco","acwoods","acwoodwh","acwoodco","acunioth","acunotwh","acunotco","farmval","favalwh","favalco","landval","landvawh","landvaco","farmbuil","builvawh","builvaco","farmequi","equivawh","equivaco","livstock","livevawh","livevaco","farmown","farmwhow","farmcoow","fownac","fowwhac","fowcoac","fowniac","fowwhiac","fowcoiac","fownval","fowwhval","fowcoval","farmol","farmwhol","farmcool","farmoh","farmwhoh","farmcooh","nwownfa","fbwownfa","negownfa","farmman","farmwhma","farmcoma","fmanac","fmawhac","fmacoac","fmaniac","fmawhiac","fmacoiac","fmanval","fmawhval","fmacoval","farmten","farmwhte","farmcote","ftenac","ftewhac","ftecoac","fteniac","ftewhiac","ftecoiac","ftenval","ftewhval","ftecoval","farmst","farmwhst","farmcost","farmcrop","fawhcrop","facocrop","farmcst","fawhcst","facocst","farmcten","fawhcten","facocten","farmsren","fawhsren","facosren","farmuten","fawhuten","facouten","fanwten","fafbwten","fanegten","region1","region2","fips","level"
1,"CONNECTICUT",6,6.38763856887817,9.66721153259277,0.0749273151159286,0.267910659313202,53.9419059753418,52.8244781494141,5.61429405212402,5.86589765548706,9.49813938140869,9.7326602935791,1.66891276836395,1.13423669338226,5.22812986373901,4.50860595703125,7.19149684906006,10.1710224151611,10.3945550918579,5.82797431945801,589905,37681,442,318206,33119,56030,9845,30841,42423,61318,22655,22580,75,21094,NA,NA,1561,NA,NA,14955,7625,NA,138,NA,NA,2062,NA,NA,2473,NA,NA,5535,NA,NA,5807,NA,NA,4199,NA,NA,1473,NA,NA,760,NA,NA,169,NA,NA,39,NA,NA,3084800,1898980,1891735,7245,701086,699070,2016,683719,NA,NA,514175,NA,NA,226991617,226378768,612849,101187115,100887375,299740,89083712,88841962,241750,13248097,13227037,21060,23472693,23422394,50299,19666,19615,51,1542544,1540791,1753,573018,572314,704,143235130,143016440,218690,18369,18324,45,1297,1291,6,12844,6771,NA,1070,1064,6,187191,185226,1965,65339,65112,227,31790605,31661605,129000,1919,1901,18,169245,165718,3527,62729,61644,1085,15245092,15051292,193800,313,307,6,0,0,0,30,30,0,1565,1553,12,0,0,0,11,11,0,1368,533,NA,1,1,9,2
2,"MAINE",1,24.9482021331787,26.9258842468262,0.241400897502899,0.50940066576004,38.8074531555176,37.908447265625,7.30657291412354,6.76985645294189,8.88761901855469,8.60186576843262,1.76080656051636,1.63492739200592,5.36503839492798,4.9509425163269,7.76387882232666,9.3937931060791,4.91902732849121,3.30488419532776,309858,77304,748,120248,22640,27539,5456,16624,24057,15242,48227,48214,13,45702,NA,NA,2525,NA,NA,43830,4384,NA,121,NA,NA,1997,NA,NA,2407,NA,NA,6768,NA,NA,14277,NA,NA,14425,NA,NA,5229,NA,NA,2454,NA,NA,459,NA,NA,90,NA,NA,19132800,5425968,5425015,953,1977329,1976884,445,2447597,NA,NA,1001042,NA,NA,270526733,270461895,64838,114411871,114379071,32800,89697100,89675500,21600,26637660,26635535,2125,39780102,39771789,8313,45437,45424,13,5073856,5072903,953,1853224,1852779,445,187505075,187450675,54400,44224,44211,13,1213,1213,0,41338,4086,NA,786,786,0,145793,145793,0,49431,49431,0,8764123,8764123,0,2004,2004,0,206319,206319,0,74674,74674,0,7839773,7839773,0,292,292,0,0,0,0,11,11,0,1569,1569,0,0,0,0,132,132,0,1803,201,NA,1,1,23,2
3,"MASSACHUSETTS",4,3.33011627197266,4.87672662734985,0.0693159475922585,0.175106525421143,51.3735313415527,50.5789413452148,7.0530424118042,6.89198637008667,11.2085275650024,11.9863386154175,2.18570876121521,1.75615978240967,5.71439981460571,5.08331441879272,8.6245698928833,11.5167322158813,10.4407873153687,7.13469266891479,1728318,57555,1198,887898,121899,193719,37776,98763,149060,180450,32001,31880,121,30026,NA,NA,1975,NA,NA,22950,8930,NA,872,NA,NA,4388,NA,NA,4245,NA,NA,7532,NA,NA,6834,NA,NA,4888,NA,NA,1840,NA,NA,1055,NA,NA,265,NA,NA,82,NA,NA,5144960,2494477,2488887,5590,908834,906399,2435,1030386,NA,NA,555257,NA,NA,300471743,300008689,463054,127653607,127473632,179975,119934224,119740404,193820,19359755,19337590,22165,33524157,33457063,67094,28087,27980,107,2021920,2018142,3778,744523,743053,1470,182098530,181827185,271345,26515,26411,104,1572,1569,3,20157,7823,NA,1627,1620,7,313095,311884,1211,104650,103844,806,50988024,50906024,82000,2287,2280,7,159462,158861,601,59661,59502,159,14501277,14480827,20450,330,330,0,0,0,0,23,23,0,1766,1759,7,0,0,0,168,168,0,1602,678,NA,1,1,25,2
4,"NEW HAMPSHIRE",2,15.7789106369019,19.0873374938965,0.210551425814629,0.299421489238739,51.5088653564453,49.4321937561035,6.40522336959839,5.84028434753418,7.60318851470947,7.60707950592041,1.52468276023865,1.05423498153687,4.85201740264893,4.35882568359375,7.29358434677124,9.36031246185303,4.82297611236572,2.96030831336975,192827,30426,406,99323,12351,14661,2940,9356,14064,9300,20523,20509,14,19091,NA,NA,1432,NA,NA,17890,2619,NA,113,NA,NA,1352,NA,NA,1432,NA,NA,3375,NA,NA,4888,NA,NA,4986,NA,NA,2320,NA,NA,1489,NA,NA,433,NA,NA,135,NA,NA,5779840,2603806,2602330,1476,702902,702387,515,1299838,NA,NA,601066,NA,NA,118656115,118596899,59216,47425331,47414381,10950,42570539,42552089,18450,9499322,9496647,2675,19160923,19133782,27141,18604,18592,12,2296383,2295262,1121,623673,623263,410,75518677,75500477,18200,17836,17824,12,768,768,0,16225,2367,NA,546,545,1,154358,154033,325,33821,33721,100,9351273,9341273,10000,1373,1372,1,153065,153035,30,45408,45403,5,5125920,5124720,1200,120,120,0,0,0,0,5,5,0,1073,1073,0,0,0,0,175,174,1,1193,179,NA,1,1,33,2
5,"RHODE ISLAND",5,3.03781819343567,4.98846769332886,0.058181818574667,0.174274817109108,58.8800010681152,56.3395919799805,5.7832727432251,5.69747638702393,9.6560001373291,10.8129777908325,3.07345461845398,2.84119558334351,4.39309072494507,4.0996265411377,6.9843635559082,9.55772304534912,8.13381862640381,5.48866415023804,275000,8354,160,161920,15904,26554,8452,12081,19207,22368,4083,4063,20,3788,NA,NA,295,NA,NA,3123,940,NA,62,NA,NA,389,NA,NA,485,NA,NA,983,NA,NA,1031,NA,NA,718,NA,NA,229,NA,NA,128,NA,NA,46,NA,NA,12,NA,NA,682880,331600,330648,952,132855,132543,312,130462,NA,NA,68283,NA,NA,33636766,33585186,51580,14509073,14483223,25850,11878853,11865203,13650,2408561,2405186,3375,4840279,4831574,8705,3245,3231,14,248934,248296,638,97719,97523,196,17941656,17916756,24900,2971,2957,14,274,274,0,2521,710,NA,205,204,1,29792,29702,90,13943,13913,30,4616373,4609373,7000,633,628,5,52874,52650,224,21193,21107,86,3829897,3822297,7600,22,22,0,0,0,0,0,0,0,609,604,5,0,0,0,2,2,0,449,179,NA,1,1,44,2
6,"VERMONT",3,31.9603710174561,34.4224739074707,1.37127757072449,1.74475502967834,32.2578773498535,30.6019191741943,6.69969081878662,5.87831115722656,7.9193263053894,7.52104616165161,1.33661651611328,1.34986019134521,5.50316286087036,5.08990955352783,8.39808177947998,10.5733261108398,4.5535945892334,2.8183970451355,138484,44260,1899,44672,9278,10967,1851,7621,11630,6306,29075,29047,28,27884,NA,NA,1191,NA,NA,25280,3767,NA,75,NA,NA,1731,NA,NA,1544,NA,NA,2924,NA,NA,5199,NA,NA,8777,NA,NA,5081,NA,NA,3115,NA,NA,544,NA,NA,85,NA,NA,5839360,4235811,4231361,4450,1691595,1690173,1422,1428309,NA,NA,1115907,NA,NA,222736620,222574834,161786,82938253,82863428,74825,76178906,76137006,41900,21234130,21216990,17140,42385331,42357410,27921,25121,25100,21,3520899,3517824,3075,1387502,1386421,1081,126686877,126599752,87125,23926,23906,20,1195,1194,1,21719,3381,NA,568,565,3,150197,149783,414,55962,55850,112,9611978,9603078,8900,3386,3382,4,564715,563754,961,248131,247902,229,22818304,22797604,20700,1621,1620,1,0,0,0,26,26,0,1489,1487,2,0,0,0,250,249,1,3055,327,NA,1,1,50,2
11,"DELAWARE",22,19.3962116241455,27.1117935180664,0.0767341926693916,0.380839258432388,37.9823303222656,34.8322334289551,8.70933055877686,7.00301647186279,8.85731792449951,8.6696252822876,1.6771901845932,1.74231040477753,4.64241886138916,4.01453495025635,9.53257942199707,11.6837291717529,9.12588787078857,4.56191825866699,91224,17694,70,34649,7945,8080,1530,4235,8696,8325,10140,9268,872,9933,9081,852,207,187,20,8905,363,872,22,22,0,481,397,84,723,566,157,2182,1948,234,2952,2742,210,2510,2380,130,863,824,39,355,338,17,47,46,1,5,5,0,1257600,944511,889623,54888,653052,615117,37935,222658,209400,13258,68801,65106,3695,80137614,76642235,3495379,42115802,40131412,1984390,22639829,21738774,901055,6781318,6549214,232104,8600665,8222835,377830,6010,5655,355,451476,438964,12512,302219,293795,8424,30649497,29968197,681300,5688,5383,305,322,272,50,5334,321,355,144,131,13,21485,20191,1294,16544,15611,933,3230767,3087117,143650,3986,3482,504,471550,430468,41082,334289,305711,28578,30875367,28814872,2060495,3106,2748,358,208,134,74,11,9,2,482,444,38,2,1,1,177,146,31,3446,36,504,5,3,10,2
12,"NEW JERSEY",8,4.66584205627441,7.46072101593018,0.300232023000717,0.575970828533173,47.9589195251465,45.8054084777832,8.47783470153809,8.70667171478271,11.0321340560913,12.0582485198975,2.64173650741577,1.43871700763702,5.349928855896,4.47140645980835,8.00463581085205,11.4678506851196,11.5687370300293,8.01500415802002,1310653,61153,3935,628575,111115,144593,34624,70119,104913,151626,29702,29167,535,28599,NA,NA,1103,NA,NA,22555,6612,NA,378,NA,NA,3081,NA,NA,3763,NA,NA,6763,NA,NA,7367,NA,NA,6251,NA,NA,1461,NA,NA,489,NA,NA,93,NA,NA,56,NA,NA,4808960,2282585,2256265,26320,1555607,1539147,16460,454768,NA,NA,272210,NA,NA,311847948,309193917,2654031,142182498,140827209,1355289,108141488,107347187,794301,25459205,25273751,185454,36064757,35745770,318987,21889,21604,285,1424791,1415789,9002,971819,966582,5237,159298815,158539100,759715,20752,20493,259,1137,1111,26,16046,5558,NA,987,967,20,208391,206413,1978,101871,100342,1529,29039041,28781541,257500,6826,6596,230,649403,634063,15340,481917,472223,9694,61986130,60853755,1132375,3600,3466,134,0,0,0,40,39,1,2983,2896,87,0,0,0,203,195,8,5730,866,NA,2,1,34,2
13,"NEW YORK",7,6.99000072479248,9.45733642578125,0.167636200785637,0.306330621242523,39.0190620422363,39.7500267028809,8.96193027496338,8.00430774688721,13.1314058303833,13.6208848953247,2.22894620895386,1.68428134918213,6.41241216659546,5.52389144897461,10.5027666091919,13.3844871520996,12.5858392715454,8.26845359802246,4503204,314774,7549,1757108,403574,591334,100374,288764,472961,566766,193195,192645,550,185718,NA,NA,7477,NA,NA,166869,25776,NA,1040,NA,NA,12680,NA,NA,12820,NA,NA,27267,NA,NA,50784,NA,NA,56929,NA,NA,21190,NA,NA,9271,NA,NA,999,NA,NA,215,NA,NA,30498560,20632803,20589928,42875,13158781,13131646,27135,4160567,NA,NA,3313455,NA,NA,1908483201,1904843484,3639717,793335558,791805268,1530290,631726182,630556937,1169245,169866766,169590151,276615,313554695,312891128,663567,151717,151288,429,15084383,15054158,30225,9600996,9582336,18660,966593359,965090744,1502615,139153,138762,391,12564,12526,38,130404,20884,NA,4376,4351,25,932355,928660,3695,462387,460201,2186,125574461,125107521,466940,37102,37006,96,4616065,4607110,8955,3095398,3089109,6289,332893920,332163940,729980,20864,20818,46,0,0,0,356,355,1,14676,14634,42,0,0,0,1206,1199,7,32879,4127,NA,2,1,36,2
14,"PENNSYLVANIA",9,8.29781723022461,11.5669078826904,9.70219421386719,10.4664125442505,41.6390991210938,39.9776916503906,8.30444240570068,7.6290431022644,9.89496421813965,9.81802368164062,1.56717383861542,1.14760971069336,4.81870126724243,4.18554306030273,7.50490522384644,9.78934001922607,8.27070331573486,5.4194278717041,3426359,284313,332432,1426705,284540,339037,53697,165106,257145,283384,202250,201799,451,193995,NA,NA,8255,NA,NA,187277,14522,NA,1049,NA,NA,15048,NA,NA,15866,NA,NA,36462,NA,NA,62172,NA,NA,52829,NA,NA,13358,NA,NA,4668,NA,NA,644,NA,NA,154,NA,NA,28692480,17657513,17630579,26934,11847719,11829040,18679,4043902,NA,NA,1765892,NA,NA,1729353034,1725384265,3968769,726158051,724231381,1926670,600593977,599259587,1334390,163826365,163597179,229186,238774641,238296118,478523,153498,153237,261,12509507,12499320,10187,8203809,8196163,7646,861883612,860964702,918910,144698,144460,238,8800,8777,23,141371,11866,NA,4490,4445,45,782291,778128,4163,463421,460371,3050,101838278,100759753,1078525,44262,44117,145,4365715,4353131,12584,3180489,3172506,7983,363030138,361766513,1263625,26710,26649,61,0,0,0,731,728,3,15220,15141,79,0,0,0,1601,1599,2,41793,2324,NA,2,1,42,2
21,"ILLINOIS",12,14.4879360198975,19.6487865447998,3.44950675964355,2.95078587532043,33.3366584777832,32.8473205566406,8.38595771789551,8.45689010620117,13.2358703613281,12.3899221420288,1.94947135448456,1.2214937210083,5.58050298690796,5.01502561569214,8.18997192382812,10.1365480422974,11.3841257095337,7.33322954177856,2627738,380705,90644,876000,220361,347804,51227,146641,215211,299145,237181,236288,893,230495,NA,NA,6686,NA,NA,214177,22111,NA,626,NA,NA,7545,NA,NA,8539,NA,NA,26989,NA,NA,51920,NA,NA,81459,NA,NA,39155,NA,NA,19031,NA,NA,1733,NA,NA,184,NA,NA,35867520,31974775,31917073,57702,27294533,27247436,47097,3102579,NA,NA,1577663,NA,NA,6666767235,6659697065,7070170,5250294752,5244998200,5296552,747698814,746911491,787323,222619605,222402367,217238,446154064,445385007,769057,132574,132040,534,16265076,16231619,33457,13621331,13595050,26281,2691762986,2689220786,2542200,100903,100521,382,31671,31519,152,118774,13266,NA,3411,3402,9,712850,711773,1077,577654,576713,941,162318962,162074362,244600,101196,100846,350,14996849,14973681,23168,13095548,13075673,19875,3143911618,3140614543,3297075,45281,45037,244,0,0,0,27379,27352,27,26300,26230,70,0,0,0,2236,2227,9,92279,8567,NA,3,2,17,2
22,"INDIANA",11,26.3202838897705,33.2256851196289,2.98308372497559,2.34395337104797,33.7900810241699,29.9410629272461,7.51706314086914,7.30300664901733,10.253511428833,9.61464595794678,1.28375911712646,1.00008678436279,5.08785772323608,4.70498037338257,6.56194257736206,8.14615440368652,6.20241832733154,3.72042322158813,1117032,294006,33322,377446,83968,114535,14340,56833,73299,69283,205126,204554,572,198867,NA,NA,6259,NA,NA,198156,6398,NA,537,NA,NA,9433,NA,NA,9946,NA,NA,34949,NA,NA,65066,NA,NA,57895,NA,NA,18354,NA,NA,7911,NA,NA,905,NA,NA,130,NA,NA,23068800,21063332,21026616,36716,16680212,16649507,30705,3141042,NA,NA,1242078,NA,NA,3042311247,3037485093,4826154,2202566336,2198942016,3624320,451077637,450445927,631710,127403086,127272631,130455,261264188,260824519,439669,137210,136904,306,12870464,12853162,17302,10025972,10011639,14333,1507785478,1505952568,1832910,112664,112452,212,24546,24452,94,131737,5167,NA,2329,2315,14,472916,470497,2419,346707,344647,2060,65509416,65245276,264140,65587,65335,252,7719952,7702957,16995,6307533,6293221,14312,1080349079,1078190099,2158980,48473,48287,186,0,0,0,3800,3795,5,10615,10564,51,0,0,0,2699,2689,10,64168,1167,NA,3,2,18,2
23,"MICHIGAN",13,19.6995410919189,30.1730098724365,1.95371282100677,3.2796106338501,41.9551658630371,32.5619621276855,6.13250637054443,6.33244609832764,9.77222728729248,9.38132858276367,1.35365068912506,1.04546463489532,4.8926944732666,4.63289260864258,6.52239418029785,8.2380199432373,7.71810865402222,4.35526371002197,1474014,290374,28798,618425,90394,144044,19953,72119,96141,113766,196447,195714,733,190671,NA,NA,5776,NA,NA,147450,48264,NA,325,NA,NA,5678,NA,NA,6741,NA,NA,40765,NA,NA,71391,NA,NA,52645,NA,NA,13236,NA,NA,4839,NA,NA,634,NA,NA,193,NA,NA,36787200,19032961,18984248,48713,12925521,12893814,31707,3217000,NA,NA,2890440,NA,NA,1763334778,1759620834,3713944,959186538,957087025,2099513,477499672,476594379,905293,122389936,122155226,234710,204258632,203784204,474428,159406,158843,563,14541461,14506732,34729,9846841,9824920,21921,1056478928,1054527393,1951535,139874,139388,486,19532,19455,77,115624,43219,NA,2319,2310,9,587891,587044,847,272352,271683,669,50198044,50032563,165481,34722,34561,161,3903609,3890472,13137,2806328,2797211,9117,330009238,329121448,887790,23280,23164,116,0,0,0,422,421,1,9312,9277,35,0,0,0,1708,1699,9,29901,4660,NA,3,2,26,2
24,"OHIO",10,15.6703233718872,21.8557052612305,2.58842444419861,2.845046043396,41.6847839355469,36.62646484375,7.54202890396118,7.97262191772461,10.6988172531128,10.4968852996826,1.40142405033112,1.08152186870575,5.10402727127075,4.85577535629272,7.02741146087646,9.07003688812256,8.28275775909424,5.19594287872314,2301516,360655,59573,959382,173581,246235,32254,117470,161737,190629,256695,255079,1616,247676,NA,NA,9019,NA,NA,241075,14004,NA,779,NA,NA,15088,NA,NA,15612,NA,NA,44535,NA,NA,86337,NA,NA,69738,NA,NA,17371,NA,NA,6402,NA,NA,728,NA,NA,105,NA,NA,26073600,23515888,23415476,100412,18542353,18465916,76437,3198929,NA,NA,1774606,NA,NA,3095666336,3084992339,10673997,2015112999,2008056504,7056495,646322950,644252963,2069987,146575269,146148088,427181,287655118,286534784,1120334,177986,176933,1053,15000053,14944527,55526,11746480,11705310,41170,1572254047,1568080923,4173124,157116,156214,902,20870,20719,151,165688,11245,NA,3065,3029,36,561724,557191,4533,390147,386592,3555,87411346,86673986,737360,75644,75117,527,7954111,7913758,40353,6405726,6374014,31712,1001770556,997554558,4215998,50665,50291,374,0,0,0,1578,1562,16,19298,19181,117,0,0,0,4103,4083,20,72545,2572,NA,3,2,39,2
25,"WISCONSIN",14,30.9427261352539,34.2828216552734,0.391844093799591,0.671662867069244,34.1330261230469,31.3217430114746,6.09141302108765,6.55011367797852,9.14349746704102,8.81846046447754,1.0608217716217,0.822265923023224,5.2268648147583,4.73828220367432,6.87409639358521,9.10005664825439,6.1357102394104,3.69459390640259,995549,308050,3901,339811,60643,91028,10561,52036,68435,61084,189295,188632,663,183489,NA,NA,5806,NA,NA,134634,53998,NA,291,NA,NA,4911,NA,NA,4652,NA,NA,24814,NA,NA,60725,NA,NA,63653,NA,NA,20513,NA,NA,8677,NA,NA,912,NA,NA,147,NA,NA,35363840,22148223,22114129,34094,12452216,12437349,14867,5401910,NA,NA,4294097,NA,NA,2677282997,2674614028,2668969,1618913059,1617367667,1545392,568968914,568391798,577116,167088909,166918522,170387,322312115,321936041,376074,159610,158982,628,17840997,17808980,32017,9889177,9875457,13720,1719675422,1717720939,1954483,149390,148794,596,10220,10188,32,109410,49572,NA,2427,2424,3,531854,531249,605,241931,241474,457,55593942,55527442,66500,27258,27226,32,3775372,3773900,1472,2321108,2320418,690,412612609,412511084,101525,14584,14575,9,0,0,0,358,357,1,11420,11398,22,0,0,0,896,896,0,23280,3946,NA,3,2,55,2
31,"IOWA",16,38.0953483581543,42.9012985229492,1.653200507164,1.90339493751526,20.5569362640381,19.134033203125,7.83919382095337,7.88115406036377,11.8651723861694,10.2971878051758,1.11016917228699,0.854518830776215,6.52045297622681,6.02761888504028,6.92967748641968,7.8471474647522,5.42984867095947,3.15364766120911,858698,327124,14196,176522,67315,101886,9533,55991,59505,46626,213439,213330,109,209232,NA,NA,4207,NA,NA,181109,32221,NA,477,NA,NA,5745,NA,NA,5299,NA,NA,13117,NA,NA,35959,NA,NA,85549,NA,NA,41414,NA,NA,23865,NA,NA,1877,NA,NA,137,NA,NA,35575040,33474896,33466049,8847,28606951,28600734,6217,2295274,NA,NA,2572671,NA,NA,8524870956,8523312759,1558197,6679020577,6677866277,1154300,922751713,922575413,176300,309172398,309122421,49977,613926268,613748648,177620,121888,121814,74,18051121,18045981,5140,15319624,15316174,3450,4011441160,4010757910,683250,99008,98948,60,22880,22866,14,100741,21073,NA,2487,2486,1,569086,568836,250,445897,445737,160,125900751,125849751,51000,89064,89030,34,14854689,14851232,3457,12841430,12838823,2607,3464430379,3463834029,596350,25606,25590,16,0,0,0,16401,16399,2,44586,44572,14,0,0,0,2471,2469,2,78090,10940,NA,4,2,19,2
32,"KANSAS",21,37.3342971801758,44.1383285522461,3.25308990478516,2.25289821624756,19.466007232666,18.5010299682617,9.16621112823486,8.55161380767822,10.7871513366699,9.86266613006592,1.96063041687012,1.60847723484039,6.19611740112305,5.37779235839844,6.57232427597046,6.58680629730225,5.26416921615601,3.12038803100586,624391,233112,20312,121544,57233,67354,12242,38688,41037,32869,165286,164048,1238,161140,NA,NA,4146,NA,NA,146859,17189,NA,313,NA,NA,3729,NA,NA,3288,NA,NA,8277,NA,NA,20287,NA,NA,49044,NA,NA,26543,NA,NA,37504,NA,NA,12127,NA,NA,4174,NA,NA,52335360,45425179,45236124,189055,30600760,30470667,130093,1313093,NA,NA,13511326,NA,NA,3302806187,3290628867,12177320,2475635172,2466334607,9300565,354428746,353150836,1277910,154716977,154254232,462745,318025292,316889192,1136100,97090,96297,793,27376771,27259088,117683,17942944,17864196,78748,1651732191,1645842706,5889485,65640,65081,559,31450,31216,234,82863,13434,NA,1495,1477,18,1220911,1218298,2613,503271,501194,2077,55389771,55099771,290000,66701,66274,427,16827497,16758738,68759,12154545,12105277,49268,1122941956,1118542966,4398990,41129,40843,286,0,0,0,12990,12973,17,11629,11524,105,0,0,0,953,934,19,62580,3694,NA,4,2,20,2
33,"MINNESOTA",15,33.9439468383789,34.3777961730957,1.65311849117279,2.29432702064514,22.4916286468506,22.8531379699707,7.77188396453857,9.12440204620361,11.5137271881104,10.3849172592163,1.29810702800751,1.17816460132599,6.1170015335083,5.10346508026123,7.73087024688721,9.87609100341797,7.47971630096436,4.80769681930542,907013,307876,14994,204002,70492,104431,11774,55482,70120,67842,178478,178271,207,172897,NA,NA,5581,NA,NA,110966,67305,NA,340,NA,NA,2800,NA,NA,3020,NA,NA,14111,NA,NA,32743,NA,NA,65793,NA,NA,31108,NA,NA,25245,NA,NA,3046,NA,NA,272,NA,NA,51749120,30221758,30201479,20279,21481710,21474366,7344,4482656,NA,NA,4257392,NA,NA,3787420118,3786230388,1189730,2750328432,2749640002,688430,550839893,550662221,177672,181087968,181021121,66847,305163825,304907044,256781,132744,132567,177,21014164,20996110,18054,14254641,14248621,6020,2191751054,2191052872,698182,112880,112721,159,19864,19846,18,74871,57696,NA,1596,1595,1,443089,443065,24,283869,283845,24,50234658,50230658,4000,44138,44109,29,8764505,8762304,2201,6943200,6941900,1300,1059182613,1059018693,163920,18976,18967,9,0,0,0,8375,8374,1,15251,15237,14,0,0,0,1536,1531,5,34868,9241,NA,4,2,27,2
34,"MISSOURI",17,30.1302051544189,35.5252838134766,1.63351452350616,2.07927131652832,25.1209411621094,23.58616065979,7.73550653457642,7.08766984939575,12.0633029937744,11.1467819213867,1.40119647979736,1.13324475288391,5.25304460525513,4.69504833221436,8.66143798828125,9.76142883300781,8.00085067749023,4.98511266708374,1317160,396863,21516,330883,101889,158893,18456,69191,114085,105384,263004,260178,2826,254206,NA,NA,8798,NA,NA,251835,8343,NA,580,NA,NA,7184,NA,NA,8877,NA,NA,41116,NA,NA,67446,NA,NA,79507,NA,NA,33291,NA,NA,20670,NA,NA,3684,NA,NA,649,NA,NA,43985280,34774679,34584245,190434,24832966,24690967,141999,8553857,NA,NA,1387856,NA,NA,3591068085,3571957295,19110790,2594193271,2579804597,14388674,468774429,466620496,2153933,138261340,137706398,554942,389839045,387825804,2013241,185030,183386,1644,24686797,24574801,111996,17466971,17389055,77916,2089419403,2080967866,8451537,153852,152547,1305,31178,30839,339,176040,7346,NA,2247,2199,48,664447,653390,11057,428977,419598,9379,74678836,73402741,1276095,75727,74593,1134,9423435,9356054,67381,6937018,6882314,54704,898869461,892054486,6814975,46245,45367,878,0,0,0,6995,6948,47,17292,17133,159,0,0,0,5195,5145,50,73671,922,NA,4,2,29,2
35,"NEBRASKA",20,40.9369468688965,45.9332504272461,0.0848864838480949,0.150527983903885,18.355827331543,17.0196361541748,8.00908374786377,8.1629695892334,12.0029058456421,10.6251449584961,1.23894894123077,1.14505553245544,6.59292316436768,5.77379083633423,6.83445596694946,7.46723079681396,5.94402313232422,3.72239375114441,457081,187115,388,83901,36608,54863,5663,30135,31239,27169,124417,124033,384,122103,NA,NA,2314,NA,NA,99441,24592,NA,139,NA,NA,1644,NA,NA,1578,NA,NA,3701,NA,NA,11163,NA,NA,43157,NA,NA,21493,NA,NA,25884,NA,NA,9744,NA,NA,5914,NA,NA,49157120,42225475,42158793,66682,23109624,23077258,32366,900933,NA,NA,18214918,NA,NA,4201655992,4194397347,7258645,3330222340,3324390695,5831645,381885420,381263455,621965,153104448,152850017,254431,336443784,335893180,550604,69672,69418,254,26421765,26384910,36855,13178570,13161040,17530,2060996545,2057471600,3524945,50565,50352,213,19107,19066,41,51829,17589,NA,1315,1311,4,1480485,1478572,1913,432464,432101,363,65693263,65593263,100000,53430,53304,126,14323225,14295311,27914,9498590,9484117,14473,1585417952,1582589287,2828665,25536,25477,59,0,0,0,14773,14763,10,12307,12253,54,0,0,0,814,811,3,46429,6875,NA,4,2,31,2
36,"NORTH DAKOTA",18,57.893009185791,60.2153472900391,0.626804828643799,0.23273141682148,9.26541137695312,9.81473445892334,6.01790571212769,6.35319995880127,9.15192985534668,8.23758888244629,0.818033456802368,0.734529793262482,6.28639841079712,4.53090381622314,6.35786771774292,7.96530199050903,3.58263874053955,1.91566479206085,207082,119886,1298,19187,12462,18952,1694,13018,13166,7419,77690,77147,543,76016,NA,NA,1674,NA,NA,40899,36248,NA,30,NA,NA,121,NA,NA,163,NA,NA,505,NA,NA,917,NA,NA,11490,NA,NA,5589,NA,NA,36489,NA,NA,18442,NA,NA,3944,NA,NA,44917120,36214751,36028299,186452,24563178,24517007,46171,679836,NA,NA,10971737,NA,NA,1759742995,1755241354,4501641,1279313627,1276184609,3129018,209207868,208808030,399838,114186865,113967135,219730,157034635,156281580,753055,56917,56448,469,26850085,26684516,165569,17457329,17419933,37396,1040855450,1037814394,3041056,34051,33627,424,22866,22821,45,27489,28959,NA,855,853,2,811467,810667,800,482855,482405,450,35108503,35085503,23000,19918,19846,72,8553199,8533116,20083,6622994,6614669,8325,412557542,412092742,464800,16943,16909,34,0,0,0,891,890,1,1175,1151,24,0,0,0,909,896,13,12783,7063,NA,4,2,38,2
37,"SOUTH DAKOTA",19,54.1517562866211,57.0351982116699,0.663523733615875,1.93995714187622,12.1355123519897,11.5256280899048,5.92415428161621,5.61081266403198,10.1504821777344,8.77545356750488,0.929487347602844,1.01516819000244,6.36373281478882,4.94574975967407,6.11947107315063,7.31660556793213,3.56188035011292,1.83542776107788,216571,117277,1437,26282,12830,21983,2013,13782,13253,7714,74637,73025,1612,73059,NA,NA,1578,NA,NA,52700,20325,NA,64,NA,NA,361,NA,NA,341,NA,NA,993,NA,NA,2381,NA,NA,16463,NA,NA,9576,NA,NA,27767,NA,NA,11641,NA,NA,5050,NA,NA,49195520,34636491,33786349,850142,18199250,18048481,150769,536183,NA,NA,15901058,NA,NA,2823870212,2802380979,21489233,2231431723,2215845271,15586452,241461958,239622411,1839547,112408268,111581077,827191,238568263,235332220,3236043,47815,46350,1465,24169377,23364878,804499,11483257,11344964,138293,1499919420,1484093143,15826277,27253,25913,1340,20562,20437,125,31450,14900,NA,781,771,10,889717,883213,6504,278756,278302,454,38900410,38802470,97940,26041,25904,137,9577397,9538258,39139,6437237,6425215,12022,934073851,932572069,1501782,12269,12209,60,0,0,0,7891,7888,3,5328,5278,50,0,0,0,553,529,24,20596,5308,NA,4,2,46,2
40,"VIRGINIA",25,36.1943016052246,45.1777839660645,1.94403386116028,1.66145443916321,23.5301876068115,20.3483543395996,7.63181781768799,6.16326951980591,7.80984592437744,6.5769362449646,3.8210072517395,1.36707353591919,4.11984014511108,3.21179342269897,10.1494045257568,12.9267387390137,4.79956245422363,2.56659388542175,833576,301707,16205,196142,63617,65101,31851,34342,84603,40008,186242,138456,47786,176214,131438,44776,10028,7018,3010,136874,1582,47786,435,350,85,14077,8485,5592,21890,12094,9796,45884,28684,17200,42714,33313,9401,34011,29877,4134,13968,12971,997,9633,9202,431,2833,2702,131,797,778,19,25767680,18561112,16297693,2263419,9460492,8356031,1104461,7907352,6890639,1016713,1193268,1051023,142245,1196555772,1077230705,119325067,756354277,682763115,73591162,268080748,240679999,27400749,50151466,45381173,4770293,121969281,108406418,13562863,136363,105414,30949,13760903,12387142,1373761,7042904,6388686,654218,746599004,689513531,57085473,121454,95934,25520,14909,9480,5429,103988,1426,30949,2134,1937,197,823750,792456,31294,415481,398326,17155,62720066,60387017,2333049,47745,31105,16640,3976459,3118095,858364,2002107,1569019,433088,215115955,173542566,41573389,24046,16140,7906,13715,7700,6015,337,265,72,7577,5338,2239,39,31,8,2031,1631,400,30982,123,16640,5,3,51,2
41,"ALABAMA",33,55.5644264221191,67.1269073486328,3.9240665435791,2.89777493476868,16.594181060791,10.8121709823608,4.6338095664978,3.38327693939209,5.51509761810303,4.28490924835205,0.745967924594879,0.496629655361176,2.79647135734558,2.05629134178162,7.79682350158691,7.62427759170532,2.42915773391724,1.3177627325058,908216,504645,35639,150711,42085,50089,6775,25398,70812,22062,256099,160896,95203,239835,154679,85156,16264,6217,10047,159865,1031,95203,316,237,79,8876,3226,5650,24549,11296,13253,112848,60928,51920,57404,41599,15805,32500,NA,NA,10032,8590,1442,6701,5849,852,1991,1815,176,882,834,48,32818560,19576856,15228611,4348245,9893407,6929437,2963970,8301177,7237509,1063668,1382272,1061665,320607,690848720,539956015,150892705,415763862,323564185,92199677,127893893,103188758,24705135,34366217,28156938,6209279,112824748,85046134,27778614,107089,89887,17202,12117491,10784790,1332701,4986369,4338484,647885,308519136,279494456,29024680,95548,81885,13663,11541,8002,3539,88974,913,17202,741,614,127,455098,422952,32146,184306,167681,16625,15091316,14037411,1053905,148269,70395,77874,7004267,4020869,2983398,4722732,2423272,2299460,220047303,133221076,86826227,39779,30496,9283,47897,20713,27184,430,219,211,46494,15675,30819,11200,1612,9588,2469,1680,789,70291,104,77874,6,4,1,2
42,"ARKANSAS",35,64.3987045288086,70.3697052001953,0.875561773777008,0.727539896965027,12.0293617248535,9.94359016418457,4.52673006057739,3.66208958625793,6.06132698059082,4.66565418243408,1.27221214771271,0.557403802871704,3.21764230728149,2.58000040054321,5.47194623947144,6.27198266983032,2.14651322364807,1.22203505039215,634564,408651,5556,76334,28725,38463,8073,20418,34723,13621,232604,160322,72282,221577,154421,67156,11027,5901,5126,158273,2049,72282,229,214,15,5433,3243,2190,30281,10932,19349,92438,53432,39006,50619,42703,7916,36275,33449,2826,9973,9369,604,5759,5444,315,1195,1143,52,402,393,9,33616000,17456750,14831988,2624762,9210556,7266816,1943740,7396028,6766087,629941,850166,799085,51081,924395483,712090762,212304721,607773440,453235261,154538179,145337226,117417796,27919430,43432237,37126771,6305466,127852580,104310934,23541646,112647,97274,15373,11810397,10767826,1042571,5340197,4799531,540666,407346897,361754359,45592538,98037,85171,12866,14610,12103,2507,95539,1735,15373,736,641,95,351565,338354,13211,143616,137913,5703,25327476,24139921,1187555,119221,62407,56814,5294788,3725808,1568980,3726743,2329372,1397371,320436293,184758777,135677516,47219,34993,12226,47665,14977,32688,3837,1552,2285,17419,8523,8896,752,390,362,2329,1972,357,62097,310,56814,7,4,5,2
43,"FLORIDA",30,32.1658821105957,43.3988342285156,0.778330266475677,1.09194099903107,26.1416721343994,22.881706237793,7.62966108322144,6.50476408004761,9.22058010101318,6.89441061019897,2.02796697616577,1.12236750125885,4.53736209869385,3.16281008720398,13.5355243682861,12.6583814620972,3.96302223205566,2.28478646278381,385312,123939,2999,100727,29398,35528,7814,17483,52154,15270,54005,41051,12954,50797,38977,11820,3208,2074,1134,38836,2215,12954,402,344,58,3791,2777,1014,6365,4795,1570,19382,12701,6681,10846,8486,2360,7637,6714,923,2590,2353,237,1887,1813,74,707,678,29,398,390,8,35111040,6046691,5408823,637868,2297271,1859647,437624,2780790,2610968,169822,968630,938208,30422,330301717,307857223,22444494,228424740,214869755,13554985,53024664,49018271,4006393,13551773,12667143,884630,35300540,31302054,3998486,38487,32167,6320,4060445,3703763,356682,1636972,1432892,204080,198546585,189518632,9027953,35757,30352,5405,2730,1815,915,30256,1911,6320,1829,1728,101,1202372,1191690,10682,136238,130786,5452,55199070,54188560,1010510,13689,7156,6533,783874,513370,270504,524061,295969,228092,27703749,20180834,7522915,2668,1841,827,4291,2239,2052,33,26,7,5188,2594,2594,807,37,770,702,419,283,7045,111,6533,5,3,12,2
44,"GEORGIA",29,54.3199043273926,63.300537109375,0.218393012881279,0.301001787185669,16.0857162475586,12.2653923034668,4.84883832931519,3.9730167388916,6.77779960632324,5.29511451721191,1.73421406745911,0.836978077888489,3.18263983726501,2.38405132293701,9.46688556671143,9.81669235229492,3.36560821533203,1.82721531391144,1129157,613357,2466,181633,54751,76532,19582,35937,106896,38003,310732,180545,130187,296688,174544,122144,14044,6001,8043,180217,328,130187,211,165,46,6154,3547,2607,20604,12013,8591,134471,63561,70910,81112,49268,31844,41183,29558,11625,13861,10903,2958,8892,7646,1246,3091,2800,291,1153,1084,69,37584000,25441061,18369149,7071912,13055209,8177099,4878110,10491848,8713731,1778117,1894004,1478319,415685,1356685196,975982644,380702552,897444961,631406410,266038551,240853666,184138508,56715158,63343220,50461755,12881465,155043349,109975971,45067378,102123,86081,16042,12800859,11469031,1331828,5108353,4414710,693643,506548019,461061783,45486236,94575,80891,13684,7548,5190,2358,85836,245,16042,1655,1448,207,925989,896951,29038,319099,305801,13298,47833256,46076256,1757000,206954,93016,113938,11714213,6003167,5711046,7627757,3456588,4171169,583917352,308406879,275510473,45035,30938,14097,97497,36222,61275,355,226,129,18178,10718,7460,43642,13438,30204,2247,1474,773,92949,67,113938,5,3,13,2
45,"LOUISIANA",36,42.7072677612305,51.3481636047363,1.12575280666351,0.194351151585579,20.4253177642822,17.27516746521,7.47526931762695,6.0004448890686,7.93091344833374,7.052001953125,1.52150583267212,0.929204642772675,3.44023275375366,2.66408324241638,10.6674222946167,11.8043298721313,4.7063193321228,2.73225331306458,681233,290936,7669,139144,50924,54028,10365,23436,72670,32061,135463,73404,62059,127777,70711,57066,7686,2693,4993,71081,2323,62059,343,304,39,4084,1826,2258,25606,8435,17171,61346,27857,33489,21715,15850,5805,12855,10570,2285,4240,3679,561,3232,2919,313,1247,1188,59,795,776,19,29061760,10019822,7837244,2182578,5626226,3986133,1640093,3614040,3147022,467018,779556,704089,75467,589826679,457911706,131914973,383618162,295776756,87841406,90420631,70588769,19831862,32715010,28003936,4711074,83072876,63542245,19530631,57254,46268,10986,6255255,5507512,747743,2979005,2595779,383226,261827217,236354594,25472623,51895,42422,9473,5359,3846,1513,44727,1541,10986,828,736,92,900121,885656,14465,362025,354550,7475,43911266,43057956,853310,77381,26400,50981,2864446,1444076,1420370,2285196,1035804,1249392,168300310,86952975,81347335,30499,12973,17526,31309,7253,24056,1193,200,993,10905,5358,5547,2600,190,2410,875,426,449,25633,767,50981,7,4,22,2
46,"MISSISSIPPI",34,70.2255325317383,77.1969375610352,0.035901915282011,0.00954930670559406,10.3906240463257,7.47631168365479,3.78758263587952,2.6904034614563,4.32514095306396,3.22982573509216,0.690314829349518,0.413462251424789,2.65882086753845,1.88871645927429,6.30071687698364,6.2586612701416,1.58536756038666,0.836132764816284,721410,506614,259,74959,27324,31202,4980,19181,45454,11437,272101,110882,161219,253169,106260,146909,18932,4622,14310,110279,603,161219,147,113,34,8112,2265,5847,57694,11811,45883,116795,32934,83861,41900,26014,15886,28218,21263,6955,9553,7848,1705,6777,5932,845,2040,1884,156,865,818,47,29671680,18196979,12382314,5814665,9325677,5201640,4124037,7014898,5785240,1229658,1856404,1395434,460970,964751855,497529775,467222080,641842394,298108035,343734359,148054384,89187212,58867172,39881256,26506774,13374482,134973821,83727754,51246067,91310,68131,23179,11333780,9508642,1825138,4543012,3693084,849928,323521870,266770485,56751385,83768,63680,20088,7542,4451,3091,67759,372,23179,989,797,192,582749,542964,39785,230481,217683,12798,34432882,32319772,2113110,179802,41954,137848,6280450,2330708,3949742,4552184,1290873,3261311,431942026,88204990,343737036,48300,18970,29330,86859,12696,74163,3308,203,3105,28304,7653,20651,10668,1015,9653,2363,1417,946,41741,213,137848,6,4,28,2
47,"NORTH CAROLINA",27,53.3219757080078,64.5959930419922,0.222134903073311,0.221767619252205,23.5554542541504,16.7129650115967,4.05613851547241,3.12299871444702,5.90443515777588,4.11757707595825,1.00072336196899,0.510529756546021,3.31271243095398,2.14551210403442,6.32347774505615,7.45654058456421,2.30294728279114,1.11611783504486,895852,477686,1990,211022,36337,52895,8965,29677,56649,20631,269763,193473,76290,257612,185526,72086,12151,7947,4204,193081,392,76290,388,278,110,13281,8444,4837,37667,21038,16629,87239,54152,33087,68903,55100,13803,41082,35238,5844,12448,11206,1242,6646,6057,589,1629,1510,119,480,450,30,31193600,20021736,16584294,3437442,8198409,6341309,1857100,10299547,8918747,1380800,1523780,1324238,199542,1250166995,988278052,261888943,857815016,665675111,192139905,218577944,181183572,37394372,54621363,46265515,8355848,119152672,95153854,23998818,151376,129099,22277,13441509,12282645,1158864,4966358,4458019,508339,639114219,580454351,58659868,131847,115482,16365,19529,13617,5912,128774,325,22277,928,832,96,386449,373582,12867,112279,105916,6363,23525086,22495491,1029595,117459,63542,53917,6193778,3928067,2265711,3119772,1777374,1342398,413753655,243908841,169844814,58819,35990,22829,39939,16575,23364,468,304,164,9425,6212,3213,6491,2586,3905,2317,1875,442,63487,55,53917,5,3,37,2
48,"SOUTH CAROLINA",28,62.3849678039551,70.4092788696289,0.0925463140010834,0.0941496789455414,16.2466239929199,12.8567838668823,3.25276565551758,2.38832759857178,5.00254344940186,3.52855443954468,1.57313907146454,0.580269455909729,2.64824843406677,1.81450867652893,7.00326442718506,7.37633943557739,1.79590272903442,0.951790153980255,674257,420635,624,109544,21932,33730,10607,17856,47220,12109,192693,83683,109010,181107,80496,100611,11586,3187,8399,83542,141,109010,299,131,168,10479,2625,7854,30047,9351,20696,84893,28938,55955,37530,20926,16604,18166,12516,5650,5600,4361,1239,3752,3120,632,1343,1179,164,584,536,48,19516800,12426675,8046672,4380003,6184159,3280566,2903593,5302575,4099148,1203427,939941,666958,272983,953064742,611327079,341737663,647157209,407092648,240064561,166326991,115977517,50349474,48062387,34247634,13814753,91518155,54009280,37508875,67724,44965,22759,6717237,5570841,1146396,2622929,2032048,590881,406630568,346790985,59839583,60089,41811,18278,7635,3154,4481,44859,106,22759,738,555,183,424522,387427,37095,116442,104990,11452,19742432,17531604,2210828,124231,38163,86068,5284916,2088404,3196512,3444788,1143528,2301260,387111200,158747576,228363624,38423,14900,23523,43789,10954,32835,521,167,354,15769,4742,11027,24303,6715,17588,1426,685,741,38132,31,86068,5,3,45,2
49,"TEXAS",38,46.1797180175781,60.0013084411621,1.8321453332901,0.531580746173859,15.5972318649292,11.8440504074097,7.24068260192871,5.3853702545166,9.45345115661621,7.43326663970947,2.65947580337524,0.862437725067139,4.4179162979126,3.57397484779358,7.85707950592041,8.06800365447998,4.76229810714722,2.30000519752502,1719023,793840,31495,268120,124469,162507,45717,75945,135065,81865,436033,357249,78784,419808,346109,73699,16225,11140,5085,327475,29774,78784,793,747,46,7099,5578,1521,17986,11372,6614,110387,70715,39672,119427,99094,20333,96792,88780,8012,32121,30477,1644,27452,26732,720,12709,12537,172,11267,11217,50,167934720,114020621,109561481,4459140,31227503,28066949,3160554,14532913,13503800,1029113,68260205,67990732,269473,4447420321,4183641832,263778489,3245208649,3050694356,194514293,454964670,423305735,31658935,154320996,145842782,8478214,592926006,563798959,29127047,201210,177671,23539,68244146,66438950,1805196,15582024,14546460,1035564,1951939952,1883769434,68170518,171427,152034,19393,29783,25637,4146,163266,14405,23539,2514,2380,134,14332860,14249257,83603,636990,619457,17533,206524730,203697405,2827325,232309,177198,55111,31443615,28873274,2570341,15008489,12901032,2107457,1541708637,1386533252,155175385,142641,118981,23660,68381,40382,27999,4968,4393,575,11363,10022,1341,1050,150,900,3906,3270,636,161993,15205,55111,7,4,48,2
51,"KENTUCKY",31,46.2623443603516,52.4891014099121,6.04742908477783,2.43373560905457,17.2753143310547,17.0663681030273,5.85180521011353,4.8577823638916,7.61911916732788,6.95298624038696,1.952716588974,0.806016266345978,3.75140118598938,3.47401332855225,7.13892936706543,9.37322616577148,4.10093975067139,2.54677152633667,851122,393749,51471,147034,49806,64848,16620,31929,60761,34904,270626,257998,12628,259227,247110,12117,11399,10888,511,256886,1112,12628,1544,1344,200,22950,20195,2755,34471,31147,3324,63571,59733,3838,71200,69604,1596,50991,50318,673,15740,15567,173,8103,8044,59,1690,1681,9,366,365,1,25715840,21612772,21185813,426959,13975746,13641230,334516,6018280,5954641,63639,1618746,1589942,28804,1511901077,1471386618,40514459,1050752680,1021155466,29597214,254406256,247931292,6474964,48354857,47378364,976493,158387284,154921496,3465788,179327,174008,5319,16791715,16551588,240127,10694025,10522346,171679,940991765,924600468,16391297,159206,155026,4180,20121,18982,1139,173070,938,5319,969,934,35,269839,265130,4709,162575,158977,3598,27807376,27122830,684546,90330,83056,7274,4551218,4369095,182123,3119146,2959907,159239,336359795,317363460,18996335,44205,42346,1859,29450,24613,4837,2221,2124,97,9618,9382,236,311,307,4,4525,4284,241,82898,158,7274,6,4,21,2
52,"MARYLAND",23,15.888069152832,21.638542175293,1.09979152679443,1.36150968074799,34.3699340820312,31.8119831085205,9.26943492889404,7.90444278717041,10.9543342590332,11.3913707733154,3.59433150291443,1.65458154678345,4.92213487625122,4.33768701553345,11.1410856246948,14.5649003982544,8.76088237762451,5.3349814414978,603478,95881,6637,207415,55939,66107,21691,29704,67234,52870,47908,41699,6209,46080,40114,5966,1828,1585,243,40130,1569,6209,185,168,17,4397,3100,1297,4891,3622,1269,9003,7520,1483,10452,9519,933,11178,10413,765,4821,4545,276,2523,2382,141,392,367,25,66,63,3,6362240,4757999,4406422,351577,3136728,2919042,217686,1327221,1208936,118285,294050,278444,15606,463638120,438439834,25198286,259904047,244730392,15173655,126692803,120211537,6481266,28970020,27801147,1168873,48071250,45696758,2374492,32805,29256,3549,2750870,2631595,119275,1759988,1686704,73284,220743136,212779739,7963397,30842,27751,3091,1963,1505,458,27914,1342,3549,1262,1111,151,259426,237344,22082,168518,152839,15679,34526139,32189489,2336650,13841,11332,2509,1747703,1537483,210220,1208222,1079499,128723,131327575,119972701,11354874,9552,8048,1504,1459,858,601,38,32,6,2288,1991,297,18,11,7,486,392,94,11160,172,2509,5,3,24,2
53,"OKLAHOMA",37,46.1761169433594,58.5127029418945,5.62774038314819,1.96699452400208,15.3772668838501,12.3978290557861,6.39055061340332,5.45062112808228,9.49638080596924,8.31132507324219,1.31605982780457,0.905402183532715,5.02987861633301,4.32371282577515,6.22193384170532,6.16124534606934,4.36407089233398,1.97016847133636,681428,314657,38349,104785,43547,64711,8968,34275,42398,29738,191988,173263,18725,186475,168759,17716,5513,4504,1009,167472,5791,18725,167,155,12,1869,1604,265,3988,3116,872,32558,25989,6569,43452,38291,5161,66245,61821,4424,16247,15513,734,21405,20869,536,4566,4441,125,1491,1464,27,44424960,31951934,30238531,1713403,18125321,17121391,1003930,4206171,3745372,460799,9620442,9371768,248674,1660423544,1566708361,93715183,1171459364,1105078897,66380467,192405930,181002517,11403413,80630547,76712166,3918381,215927703,203914781,12012922,93217,83729,9488,18471693,17442221,1029472,9885001,9332156,552845,748035636,702725632,45310004,69786,61784,8002,23431,21945,1486,79136,4593,9488,935,850,85,926026,901363,24663,196293,186922,9371,26634240,25772475,861765,97836,88684,9152,12554215,11894947,659268,8044027,7602313,441714,589195418,557583307,31612111,68438,62442,5996,8926,6987,1939,3902,3800,102,15680,14654,1026,30,21,9,860,780,80,87503,1181,9152,7,4,40,2
54,"TENNESSEE",32,48.2033386230469,54.9031829833984,2.12385082244873,2.05482816696167,18.1548881530762,14.4649152755737,6.19807815551758,5.10305690765381,8.12303638458252,6.91827201843262,0.92555558681488,0.760917603969574,3.68945288658142,3.16078853607178,8.8507833480835,10.3584146499634,3.73101425170898,2.27562284469604,830096,400134,17630,150703,51450,67429,7683,30626,73470,30971,252774,214592,38182,241400,205407,35993,11374,9185,2189,213832,760,38182,292,264,28,12195,10166,2029,32041,24423,7618,79924,60403,19521,64940,58572,6368,41283,39263,2020,13166,12791,375,7006,6821,185,1524,1496,28,403,393,10,26679680,19510856,17987053,1523803,11185302,10066270,1119032,7080169,6789985,290184,1245385,1130798,114587,1251964585,1142534405,109430180,807782296,732971907,74810389,217197598,201579742,15617856,53462556,49227039,4235517,173522135,158755717,14766418,148082,138242,9840,13778809,13243529,535280,7506987,7185542,321445,686058886,660781541,25277345,129532,121661,7871,18550,16581,1969,137644,598,9840,807,754,53,220879,211608,9271,107729,103376,4353,17490795,16689095,801700,103885,75596,28289,5511168,4531916,979252,3570586,2777352,793234,321430213,257081013,64349200,43157,37405,5752,38078,23459,14619,836,733,103,14811,9961,4850,3072,557,2515,3931,3481,450,75440,156,28289,6,4,47,2
56,"WEST VIRGINIA",26,25.5727767944336,37.5185623168945,21.0033874511719,14.3807001113892,23.8296051025391,20.7777214050293,7.64727687835693,7.25345039367676,7.14882040023804,6.14394950866699,0.883905231952667,0.623648226261139,4.58567810058594,3.88927292823792,5.50847434997559,7.20528888702393,3.82007503509521,2.20740699768066,491116,125592,103151,117031,37557,35109,4341,22521,27053,18761,87289,86785,504,82775,82292,483,4514,4493,21,86033,752,504,201,201,0,4453,4373,80,5756,5666,90,18155,18003,152,25587,25490,97,19539,19484,55,7498,7476,22,4492,4486,6,1227,1225,2,381,381,0,15374080,9569790,9542246,27544,5520308,5503202,17106,3469444,3460796,8648,580038,578248,1790,496439617,494390682,2048935,307309704,306000505,1309199,103473702,103055011,418691,18395058,18328028,67030,67261153,67007138,254015,72101,71698,403,7813342,7794290,19052,4587648,4576437,11211,321094958,320138396,956562,66220,65854,366,5881,5844,37,71181,517,403,1090,1082,8,356083,354563,1520,184148,182909,1239,23051738,22828038,223700,14098,14005,93,1400365,1393393,6972,748512,743856,4656,66636710,66089082,547628,5331,5297,34,1628,1616,12,212,211,1,5616,5581,35,11,11,0,1300,1289,11,13781,224,93,5,3,54,2
61,"ARIZONA",44,27.7219161987305,25.5234832763672,11.8219623565674,17.7261600494385,18.4217987060547,20.8300590515137,8.87508678436279,9.90378570556641,8.6644868850708,7.09365224838257,6.3968939781189,1.77056646347046,5.51773262023926,4.34728145599365,7.79221773147583,9.48477077484131,4.78790616989136,3.32023906707764,130579,36199,15437,24055,11589,11314,8353,7205,10175,6252,9975,9329,646,9608,NA,NA,367,NA,NA,8262,1067,NA,136,NA,NA,564,NA,NA,736,NA,NA,2367,NA,NA,1703,NA,NA,2239,NA,NA,372,NA,NA,979,NA,NA,478,NA,NA,401,NA,NA,72838400,5802126,5741704,60422,712803,693184,19619,523648,NA,NA,4565675,NA,NA,233592989,229055446,4537543,156562606,153348539,3214067,15762715,15555094,207621,8820667,8643569,177098,52447001,51508244,938757,7869,7316,553,3819651,3765468,54183,442010,427255,14755,105646848,103841290,1805558,6970,6423,547,899,893,6,6482,834,NA,305,300,5,1390949,1389819,1130,119215,118845,370,30826729,30729829,96900,1801,1713,88,591526,586417,5109,151578,147084,4494,35851744,34332514,1519230,887,871,16,0,0,0,27,27,0,853,783,70,0,0,0,34,32,2,1510,203,NA,8,5,4,2
62,"COLORADO",42,27.3300819396973,25.3020153045654,6.38055753707886,8.37732219696045,20.1726264953613,22.3128566741943,8.78957176208496,9.47319984436035,12.4789543151855,11.554835319519,1.90581703186035,1.28393614292145,6.81198596954346,6.22837495803833,9.01006126403809,10.500584602356,7.1203441619873,4.9668755531311,366457,100153,23382,73924,32210,45730,6984,24963,33018,26093,59934,59381,553,58138,NA,NA,1796,NA,NA,49846,9535,NA,410,NA,NA,2288,NA,NA,2234,NA,NA,4449,NA,NA,5913,NA,NA,12139,NA,NA,4019,NA,NA,17592,NA,NA,7482,NA,NA,3408,NA,NA,66341120,24462014,24374636,87378,7744757,7700761,43996,1415420,NA,NA,15301837,NA,NA,1076794749,1068154527,8640222,763722716,756829126,6893590,102290944,101671469,619475,49804509,49320664,483845,160976580,160333268,643312,45291,45043,248,18621678,18574947,46731,5582447,5566744,15703,587657108,586046043,1611065,35553,35339,214,9738,9704,34,37750,7293,NA,880,874,6,1595853,1593463,2390,297802,296707,1095,42106600,41916400,190200,13763,13464,299,4244483,4206226,38257,1864508,1837310,27198,236249952,230538152,5711800,9575,9451,124,0,0,0,304,300,4,3375,3212,163,0,0,0,509,501,8,11289,2175,NA,8,5,8,2
63,"IDAHO",40,47.4784812927246,44.3351020812988,3.34421563148499,5.1301417350769,16.007532119751,17.688117980957,7.30357933044434,9.02676105499268,9.01348209381104,8.07549095153809,1.07455408573151,0.932961046695709,5.78786516189575,5.13548135757446,5.99508666992188,7.12803602218628,3.99520397186279,2.54790663719177,153459,72860,5132,24565,11208,13832,1649,8882,9200,6131,42106,41598,508,40940,NA,NA,1166,NA,NA,35284,6314,NA,332,NA,NA,1181,NA,NA,1404,NA,NA,6819,NA,NA,8502,NA,NA,10565,NA,NA,3675,NA,NA,6813,NA,NA,2209,NA,NA,606,NA,NA,53346560,8375873,8327986,47887,4511680,4482946,28734,820876,NA,NA,3043317,NA,NA,716137910,710441620,5696290,511865869,507180172,4685697,69646095,69290178,355917,38417253,38166519,250734,96208693,95804751,403942,34647,34284,363,6798893,6762649,36244,3544027,3524814,19213,437588136,434749536,2838600,30299,29948,351,4348,4336,12,28748,5536,NA,758,758,0,385718,385718,0,181096,181096,0,29121176,29121176,0,6701,6556,145,1191262,1179619,11643,786557,777036,9521,114802652,112599638,2203014,4023,4007,16,0,0,0,154,153,1,2089,1972,117,0,0,0,435,424,11,5876,680,NA,8,5,16,2
64,"MONTANA",39,39.6950263977051,30.7792587280273,7.80547475814819,10.8544483184814,15.2341690063477,18.795280456543,8.83496856689453,13.4144906997681,8.96336269378662,7.42949533462524,1.35398232936859,1.50603926181793,5.89869403839111,4.36762571334839,7.31477308273315,9.73163223266602,4.89954853057861,3.12173080444336,214183,85020,16718,32629,18923,19198,2900,12634,15667,10494,57677,56614,1063,55625,NA,NA,2052,NA,NA,41051,15563,NA,97,NA,NA,399,NA,NA,434,NA,NA,1279,NA,NA,2141,NA,NA,8735,NA,NA,3412,NA,NA,23576,NA,NA,11982,NA,NA,5622,NA,NA,93523840,35070656,34419041,651615,11007278,10859296,147982,1646462,NA,NA,22416916,NA,NA,985961308,973337451,12623857,691912265,683538978,8373287,84855264,83900442,954822,55004212,54440646,563566,154189567,151457385,2732182,50271,49286,985,28952950,28346665,606285,9114756,8978081,136675,627015111,618493954,8521157,38431,37491,940,11840,11795,45,35301,13985,NA,899,889,10,2859873,2855278,4595,489333,488648,685,50462230,50240105,222125,6507,6439,68,3257833,3217098,40735,1403189,1392567,10622,99290188,98705361,584827,4398,4368,30,0,0,0,160,160,0,1757,1722,35,0,0,0,192,189,3,5028,1411,NA,8,5,30,2
65,"NEVADA",46,22.874719619751,19.5279445648193,16.4536056518555,21.8971271514893,19.1275177001953,16.9717216491699,11.502610206604,11.4406595230103,7.53435611724854,7.55956363677979,1.58463835716248,1.42729902267456,6.31991052627563,5.5243821144104,9.97922706604004,12.6809177398682,4.62341547012329,2.97038531303406,37548,8589,6178,7182,4319,2829,595,2373,3747,1736,3163,2944,219,3026,NA,NA,137,NA,NA,2060,884,NA,35,NA,NA,123,NA,NA,103,NA,NA,435,NA,NA,555,NA,NA,611,NA,NA,228,NA,NA,423,NA,NA,285,NA,NA,365,NA,NA,70285440,2357163,2345393,11770,594741,587089,7652,28637,NA,NA,1733785,NA,NA,99779666,98935150,844516,59362239,58794735,567504,6892975,6825999,66976,3630927,3581492,49435,29893525,29732924,160601,2699,2491,208,1419531,1408436,11095,396252,388928,7324,43879220,43362690,516530,2493,2288,205,206,203,3,1737,754,NA,168,167,1,796477,796397,80,145235,145215,20,16804949,16799949,5000,296,286,10,141155,140560,595,53254,52946,308,5571045,5458095,112950,122,117,5,0,0,0,3,2,1,168,164,4,0,0,0,3,3,0,199,87,NA,8,5,32,2
66,"NEW MEXICO",43,45.0975570678711,55.0523872375488,5.9902811050415,5.04456901550293,13.208119392395,12.9081373214722,8.99935245513916,7.74751663208008,6.66470003128052,5.72606754302979,5.25358295440674,1.02718579769135,5.05117559432983,3.84783172607422,6.86874628067017,6.96148872375488,2.86648464202881,1.68481528759003,122031,55033,7310,16118,10982,8133,6411,6164,8382,3498,29844,27969,1875,28447,NA,NA,1397,NA,NA,26593,1376,NA,396,NA,NA,3725,NA,NA,2668,NA,NA,3095,NA,NA,2008,NA,NA,4929,NA,NA,1170,NA,NA,5845,NA,NA,3196,NA,NA,2812,NA,NA,78401920,24409633,24345274,64359,1717224,1696964,20260,1817460,NA,NA,20874949,NA,NA,325185999,320212374,4973625,196341050,194411923,1929127,25473162,25032015,441147,9745369,9441798,303571,93626418,91326638,2299780,25756,24113,1643,17854006,17794166,59840,1393083,1376527,16556,168369177,166457042,1912135,21533,19894,1639,4223,4219,4,23202,911,NA,433,431,2,3862989,3862963,26,76366,76340,26,23556840,23544090,12750,3655,3425,230,2692638,2688145,4493,247775,244097,3678,29888195,29442806,445389,2469,2250,219,0,0,0,39,39,0,894,884,10,0,0,0,253,252,1,2990,435,NA,8,5,35,2
67,"UTAH",45,28.9937744140625,28.4453392028809,6.78078556060791,7.61669445037842,22.5159339904785,23.675687789917,8.33037281036377,9.36749267578125,11.0877275466919,9.8669605255127,1.65414440631866,1.91576707363129,6.70035743713379,5.99209356307983,6.81697845458984,8.24844169616699,7.1199254989624,4.87152194976807,149201,43259,10117,33594,12429,16543,2468,9997,10171,10623,25662,25248,414,25035,NA,NA,627,NA,NA,21276,3972,NA,269,NA,NA,1942,NA,NA,2399,NA,NA,6549,NA,NA,5080,NA,NA,4086,NA,NA,1771,NA,NA,2096,NA,NA,852,NA,NA,618,NA,NA,52597760,5050410,4999240,51170,1715380,1696794,18586,212762,NA,NA,3122268,NA,NA,311274728,307147614,4127114,210997840,207861024,3136816,32753918,32514544,239374,13514787,13363167,151620,54008183,53408879,599304,22579,22340,239,4062508,4046688,15820,1457096,1447206,9890,206623839,205669094,954745,19134,18908,226,3445,3432,13,18688,3652,NA,296,293,3,615734,590341,25393,79344,78994,350,9737800,9566800,171000,2787,2615,172,372168,362211,9957,178940,170594,8346,27390119,25139674,2250445,1369,1346,23,0,0,0,56,53,3,1176,1032,144,0,0,0,186,184,2,2320,295,NA,8,5,49,2
68,"WYOMING",41,31.9429454803467,34.2173194885254,10.7805137634277,10.4787654876709,18.8432102203369,15.3914079666138,12.0891389846802,14.7257013320923,7.54390716552734,5.33516311645508,1.91081237792969,6.15031385421753,5.09100294113159,3.92902755737305,7.46909332275391,7.60264110565186,4.32937574386597,2.16966009140015,81536,26045,8790,15364,9857,6151,1558,4151,6090,3530,15748,15579,169,15082,NA,NA,666,NA,NA,13306,2273,NA,66,NA,NA,73,NA,NA,57,NA,NA,399,NA,NA,994,NA,NA,2551,NA,NA,931,NA,NA,5080,NA,NA,3521,NA,NA,2076,NA,NA,62430720,11809351,11786483,22868,2102005,2093662,8343,421806,NA,NA,9285540,NA,NA,334410590,332982612,1427978,210947494,209981172,966322,23800631,23707993,92638,11777949,11702201,75748,87884516,87591246,293270,13403,13280,123,9359517,9341381,18136,1663148,1657632,5516,174279727,173572717,707010,10681,10563,118,2722,2717,5,11340,1940,NA,377,377,0,1465993,1465993,0,148024,148024,0,30491658,30491658,0,1968,1922,46,983841,979109,4732,290833,288006,2827,29976740,29624790,351950,1125,1114,11,0,0,0,43,43,NA,604,594,10,0,0,0,196,171,25,1626,296,NA,8,5,56,2
71,"CALIFORNIA",49,18.0429801940918,20.3193550109863,1.63264501094818,2.82557582855225,28.4665775299072,26.5039710998535,8.25299453735352,9.41554737091064,13.8421821594238,13.6862306594849,3.01296973228455,2.20968747138977,7.69533824920654,6.27020025253296,10.2356615066528,12.6528882980347,8.81864929199219,6.11654376983643,1512760,272947,24698,430631,124848,209399,45579,116412,154841,133405,117670,111184,6486,111896,NA,NA,5774,NA,NA,76995,34189,NA,2904,NA,NA,13793,NA,NA,17370,NA,NA,31723,NA,NA,15034,NA,NA,13217,NA,NA,5320,NA,NA,8351,NA,NA,5052,NA,NA,4906,NA,NA,99617280,29365667,28844686,520981,11878339,11477495,400844,4252287,NA,NA,13235041,NA,NA,3431021861,3260849029,170172832,2783054977,2630003732,153051245,290756132,283022521,7733611,136069290,130415398,5653892,221141462,217407378,3734084,87580,86337,1243,17196215,17069511,126704,6819212,6769589,49623,1900924411,1883607285,17317126,75882,74801,1081,11698,11536,162,60264,26073,NA,4949,4800,149,5485447,5460250,25197,1587518,1567667,19851,442032436,434038626,7993810,25141,20047,5094,6684005,6314925,369080,3471609,3140239,331370,730854262,595380342,135473920,9643,8317,1326,0,0,0,742,670,72,14230,10594,3636,0,0,0,526,466,60,12818,7229,NA,9,5,6,2
72,"OREGON",48,28.5463390350342,28.8743095397949,0.683560729026794,1.20295977592468,27.4370670318604,26.9029121398926,9.02126407623291,11.4761247634888,11.4563903808594,11.2680397033691,1.44655478000641,1.23343515396118,6.78378963470459,5.69202136993408,7.83534955978394,8.94830322265625,6.78968477249146,4.40189552307129,322283,92000,2203,88425,29074,36922,4662,21863,25252,21882,50206,49633,573,48557,NA,NA,1649,NA,NA,40484,9149,NA,402,NA,NA,3055,NA,NA,4069,NA,NA,8755,NA,NA,8302,NA,NA,9735,NA,NA,4017,NA,NA,6293,NA,NA,3364,NA,NA,2214,NA,NA,61188480,13542318,13442465,99853,4913851,4884562,29289,2309596,NA,NA,6318871,NA,NA,818559751,812345801,6213950,586242049,581387657,4854392,88971235,88438828,532407,41567125,41289743,277382,101779342,101229573,549769,39863,39505,358,10017262,9927903,89359,3331150,3308747,22403,478525734,475825872,2699862,33300,32989,311,6563,6516,47,31569,7936,NA,916,908,8,837924,836557,1367,300687,299973,714,36444760,36261485,183275,9427,9220,207,2687132,2678005,9127,1282014,1275842,6172,160242790,157739128,2503662,4176,4054,122,0,0,0,278,276,2,4382,4307,75,0,0,0,591,583,8,8113,1107,NA,9,5,41,2
73,"WASHINGTON",47,22.729133605957,23.9447288513184,1.52436542510986,2.18657302856445,31.0263061523438,28.7966842651367,9.22741413116455,11.6059217453003,11.6379537582397,10.9152231216431,2.23686504364014,2.18465542793274,6.27856779098511,5.63067007064819,8.1608247756958,9.92059421539307,7.17856740951538,4.81494760513306,578667,131526,8821,179539,53396,67345,12944,36332,47224,41540,66288,65022,1266,63855,NA,NA,2433,NA,NA,45265,19757,NA,949,NA,NA,6546,NA,NA,8578,NA,NA,15255,NA,NA,9048,NA,NA,9958,NA,NA,3340,NA,NA,6297,NA,NA,4042,NA,NA,2275,NA,NA,42775040,13244720,13143321,101399,7129343,7085158,44185,1813061,NA,NA,4302316,NA,NA,1057429848,1042765610,14664238,797651020,786144835,11506185,122741321,121656856,1084465,54721377,54020215,701162,82316130,80943704,1372426,52701,52184,517,9259800,9190187,69613,4529580,4508944,20636,618999617,615279267,3720350,44832,44355,477,7869,7829,40,34970,17214,NA,1168,1159,9,541136,539938,1198,256391,255685,706,45722744,45559894,162850,12419,11679,740,3443784,3413196,30588,2343372,2320529,22843,255669980,246962530,8707450,5851,5816,35,0,0,0,269,268,1,5830,5144,686,0,0,0,469,451,18,9354,2325,NA,9,5,53,2
98,"DIST COLUMBIA",24,0.40122526884079,0.798278093338013,0.0334707461297512,0.0487449765205383,18.8558940887451,24.5649356842041,7.09452724456787,7.87579536437988,9.6522855758667,13.01047706604,6.80854320526123,4.73649215698242,8.17236995697021,7.97961568832397,18.0398845672607,25.6651782989502,30.9417991638184,15.3204822540283,236027,947,79,44505,16745,22782,16070,19289,42579,73031,204,184,20,193,NA,NA,11,NA,NA,153,31,NA,31,NA,NA,35,NA,NA,61,NA,NA,50,NA,NA,18,NA,NA,5,NA,NA,0,NA,NA,4,NA,NA,0,NA,NA,0,NA,NA,38400,5668,5380,288,4258,3985,273,828,NA,NA,582,NA,NA,5927987,5682274,245713,4156148,4022598,133550,1421221,1321471,99750,104252,100067,4185,246366,238138,8228,100,91,9,1729,1704,25,1311,1287,24,1712819,1672519,40300,91,83,8,9,8,1,72,19,NA,19,18,1,1951,1856,95,1519,1429,90,2347850,2242150,105700,85,75,10,1988,1820,168,1428,1269,159,1516700,1429400,87300,6,5,1,0,0,0,2,1,1,71,65,6,0,0,0,6,4,2,67,8,NA,5,3,11,2
100,"UNITED STATES",50,26.3206920623779,33.1676368713379,2.61983108520508,2.5278787612915,30.8032093048096,27.9267101287842,7.36185836791992,6.91080713272095,10.1959762573242,9.47058486938477,1.85143315792084,1.20336139202118,5.15181493759155,4.35861968994141,8.18203449249268,9.88325214385986,7.51315021514893,4.55115079879761,41614248,10953158,1090223,12818524,3063582,4242979,770460,2143889,3404892,3126541,6448343,5498454,949889,6186624,NA,NA,261719,NA,NA,4917386,581068,NA,20350,NA,NA,268422,NA,NA,507763,NA,NA,1503732,NA,NA,1474745,NA,NA,1449630,NA,NA,530800,NA,NA,475677,NA,NA,149819,NA,NA,67405,NA,NA,1903215360,955883715,910939194,44944521,503073007,473774566,29298441,167730794,NA,NA,285079914,NA,NA,77924100338,74955403721,2968696617,54829563059,52707641140,2121921919,11486439543,11078417715,408021828,3594772928,3491321159,103451769,8013324808,7678023707,335301101,3925090,3691868,233222,636775015,620070823,16704192,314107483,306029220,8078263,39864222907,39215462823,648760084,3366510,3174109,192401,558580,517759,40821,3227521,464347,NA,68449,66223,2226,54129157,53653478,475679,13210999,13009436,201563,2665216465,2629284676,35931789,2454804,1740363,714441,264979543,237214893,27764650,175754525,154735910,21018615,23786563230,21941311356,1845251874,1117721,936564,181157,561091,227378,333713,127822,119395,8427,480009,373835,106174,104996,27072,77924,63165,56119,7046,1630830,109533,NA,NA,NA,NA,3
